,Renoir,Matisse,Pissarro,Hassam,VanGogh,Sargent,Degas,Monet,Gauguin,Cezanne,accuracy,macro avg,weighted avg
precision,0.4716981132075472,0.14337568058076225,0.47619047619047616,0.23809523809523808,0.37735849056603776,0.509090909090909,0.3939393939393939,0.4117647058823529,0.37777777777777777,0.25,0.2474747474747475,0.3649290785330495,0.36492907853304946
recall,0.25252525252525254,0.797979797979798,0.10101010101010101,0.050505050505050504,0.20202020202020202,0.2828282828282828,0.13131313131313133,0.0707070707070707,0.3434343434343434,0.24242424242424243,0.2474747474747475,0.2474747474747475,0.2474747474747475
f1-score,0.32894736842105265,0.24307692307692308,0.16666666666666666,0.08333333333333333,0.26315789473684215,0.3636363636363636,0.19696969696969696,0.12068965517241378,0.35978835978835977,0.24615384615384617,0.2474747474747475,0.2372420107955498,0.23724201079554982
support,99.0,99.0,99.0,99.0,99.0,99.0,99.0,99.0,99.0,99.0,0.2474747474747475,990.0,990.0
