,Renoir,Matisse,Pissarro,Hassam,VanGogh,Sargent,Degas,Monet,Gauguin,Cezanne,accuracy,macro avg,weighted avg
precision,0.24380165289256198,0.26875,0.391304347826087,0.23684210526315788,0.5172413793103449,0.6410256410256411,0.3333333333333333,0.4090909090909091,0.2485207100591716,0.23728813559322035,0.30303030303030304,0.3527198214394427,0.35271982143944275
recall,0.5959595959595959,0.43434343434343436,0.36363636363636365,0.18181818181818182,0.15151515151515152,0.25252525252525254,0.12121212121212122,0.36363636363636365,0.42424242424242425,0.1414141414141414,0.30303030303030304,0.30303030303030304,0.30303030303030304
f1-score,0.34604105571847504,0.33204633204633205,0.3769633507853403,0.20571428571428568,0.23437500000000003,0.3623188405797102,0.17777777777777776,0.3850267379679145,0.31343283582089554,0.17721518987341772,0.30303030303030304,0.2910911406284149,0.29109114062841485
support,99.0,99.0,99.0,99.0,99.0,99.0,99.0,99.0,99.0,99.0,0.30303030303030304,990.0,990.0
