,precision,recall,f1-score,support
Viral Pneumonia,0.9259259259259259,1.0,0.9615384615384615,25.0
Normal,0.9285714285714286,0.8666666666666667,0.896551724137931,30.0
Covid,0.92,0.92,0.92,25.0
accuracy,0.925,0.925,0.925,0.925
macro avg,0.9248324514991181,0.9288888888888889,0.9260300618921309,80.0
weighted avg,0.9250661375661376,0.925,0.9241876657824933,80.0
